{"_class":"document","do_objectID":"5FC995A6-8FFA-44B9-931A-E2D2CD264D37","assets":{"_class":"assetCollection","colors":[],"gradients":[],"imageCollection":{"_class":"imageCollection","images":{}},"images":[]},"colorSpace":0,"currentPageIndex":0,"enableLayerInteraction":true,"enableSliceInteraction":true,"foreignSymbols":[],"layerStyles":{"_class":"sharedStyleContainer","objects":[{"_class":"sharedStyle","do_objectID":"9ED26704-1346-4C01-9A29-0743AFA8BF03","name":"button Primary","value":{"_class":"style","borders":[{"_class":"border","isEnabled":false,"color":{"_class":"color","alpha":1,"blue":0.592,"green":0.592,"red":0.592},"fillType":0,"position":1,"thickness":1}],"endDecorationType":0,"fills":[{"_class":"fill","isEnabled":true,"color":{"_class":"color","alpha":1,"blue":0.3686274509803922,"green":0.2862745098039216,"red":0.203921568627451},"fillType":0,"noiseIndex":0,"noiseIntensity":0,"patternFillType":0,"patternTileScale":1}],"miterLimit":10,"sharedObjectID":"9ED26704-1346-4C01-9A29-0743AFA8BF03","startDecorationType":0}},{"_class":"sharedStyle","do_objectID":"317823E2-8635-4EAA-97E8-7B248C2DDB7F","name":"Inputs ","value":{"_class":"style","borders":[{"_class":"border","isEnabled":true,"color":{"_class":"color","alpha":1,"blue":0.8509803921568627,"green":0.8509803921568627,"red":0.8509803921568627},"fillType":0,"position":1,"thickness":1}],"endDecorationType":0,"fills":[{"_class":"fill","isEnabled":true,"color":{"_class":"color","alpha":1,"blue":1,"green":1,"red":1},"fillType":0,"noiseIndex":0,"noiseIntensity":0,"patternFillType":0,"patternTileScale":1}],"miterLimit":10,"sharedObjectID":"317823E2-8635-4EAA-97E8-7B248C2DDB7F","startDecorationType":0}}]},"layerSymbols":{"_class":"symbolContainer","objects":[]},"layerTextStyles":{"_class":"sharedTextStyleContainer","objects":[]},"pages":[{"_class":"MSJSONFileReference","_ref_class":"MSImmutablePage","_ref":"pages\/016FAAC1-276E-4AD6-B80C-6CFBA4D6299B"}],"userInfo":{"com.invisionlabs.sync":{"metadata":"{\"hasSynced\":0,\"hasProjectIdChanged\":0,\"projectId\":0,\"publicLink\":\"\",\"resolution\":2,\"syncAll\":1}"}}}