{"commit":"80ddf8a336f285dfa2b96d05e69dba5714b6f0c4","pagesAndArtboards":{"016FAAC1-276E-4AD6-B80C-6CFBA4D6299B":{"name":"ooto Productivity Dashboards","artboards":{"4535881F-9EE2-4668-96F2-77E062405231":{"name":"ooto Create event"},"ADB1443B-44AB-4EAF-9F02-4A7EAF03E257":{"name":"ooto Files board"},"90DAC920-6A09-46A2-86CE-5338F3B9619E":{"name":"ooto Meetings"},"51E8CA0D-56AE-4193-865D-B780ED2C8D4B":{"name":"ooto Sessions"}}}},"version":95,"fonts":["Helvetica","AppleColorEmoji"],"compatibilityVersion":93,"app":"com.bohemiancoding.sketch3","autosaved":0,"variant":"NONAPPSTORE","created":{"commit":"80ddf8a336f285dfa2b96d05e69dba5714b6f0c4","appVersion":"47","build":45396,"app":"com.bohemiancoding.sketch3","compatibilityVersion":93,"version":95,"variant":"NONAPPSTORE"},"saveHistory":["NONAPPSTORE.45396"],"appVersion":"47","build":45396}